{"shape":0.048319496753666424,"flatness":0.7886517533868269,"safety":25.170237220320757,"connection":12.502482401557618}