{"safety":0.4152230987299436,"shape":0.37211924549223024,"flatness":0.48733184410378516,"connection":1.0881128075931916}