{
    "safety": 49.950336768413834,
    "shape": 2.306643741528366,
    "flatness": 1.613070850739045,
    "connection": 6.036887684084067,
    "wazaBonus": 9670803.892173285,
    "hintBonus": 61489026.49222421,
    "hintPenalty": 191218750.61078203,
    "reachBonus": 2438845.7739606453,
    "cavePenalty": 2780158.071801028,
    "dumpBonus": 99163.33027276714
}